"Immune.response","Defense.response","Response.to.external.biotic.stimulus"
"6030468B19RIK","2610528A11RIK","1500002F19RIK"
"9830107B12RIK","9530003J23RIK","1810065E05RIK"
"A2M","9830107B12RIK","2210407C18RIK"
"A530064D06RIK","9930111J21RIK1","2610528A11RIK"
"ABL1","A2M","9530003J23RIK"
"ABR","A530064D06RIK","9830107B12RIK"
"ACKR2","AAP","A2M"
"ACKR3","ABCC1","A530064D06RIK"
"ACKR4","ABCC9","AA467197"
"ACOD1","ABCD1","ABCA1"
"ACTG1","ABCD2","ABCC9"
"ACTR2","ABCF3","ABCD2"
"ACTR3","ABHD12","ABCF3"
"ADA","ABR","ABL1"
"ADAM8","ACE","ABR"
"ADAM15","ACER3","ACE"
"ADAM17","ACKR1","ACOD1"
"ADAR","ACKR2","ACP5"
"ADCY7","ACOD1","ACTG1"
"ADCYAP1","ACP5","ACTR2"
"ADGRB1","ACTG1","ACTR3"
"ADGRE1","ACTR2","ADAM8"
"ADM","ACTR3","ADAM9"
"ADORA2B","ADA","ADAM15"
"ADORA3","ADAM8","ADAM17"
"AGER","ADAM15","ADAMTS4"
"AHCY","ADAM17","ADAMTS5"
"AICDA","ADAMTS4","ADAMTS9"
"AIM2","ADAMTS5","ADAR"
"AIRE","ADAMTS12","ADGRB1"
"AK7","ADAR","ADGRL2"
"AKAP8","ADCY1","ADH5"
"AKIRIN2","ADCY7","ADH7"
"ALCAM","ADCY8","ADIPOQ"
"ALOX15","ADCYAP1","ADM"
"ALPK1","ADGRB1","AEN"
"ANG","ADIPOQ","AGBL4"
"ANG4","ADM","AGBL5"
"ANGPT1","ADORA1","AGO3"
"ANKHD1","ADORA2A","AICDA"
"ANKRD17","ADORA2B","AIM2"
"ANXA1","ADORA3","AKAP8"
"ANXA3","ADRA2A","AKIRIN2"
"AP1G1","ADRB2","AKT1"
"APBB1IP","AEN","ALPK1"
"APCS","AFAP1L2","AMY1"
"APLF","AGBL4","ANG"
"APOA1","AGBL5","ANG4"
"APOA2","AGER","ANKHD1"
"APOA4","AGT","ANKRD1"
"APOBEC3","AGTR1A","ANKRD17"
"APOE","AGTR1B","ANXA1"
"APP","AGTR2","ANXA3"
"APPL1","AHCY","AP1G1"
"APPL2","AHSG","APCS"
"AQP4","AICDA","APOA4"
"ARF6","AIF1","APOBEC1"
"ARG1","AIM2","APOBEC3"
"ARG2","AIMP1","APOE"
"ARHGEF2","AIR1","APP"
"ARID5A","AK7","APPL1"
"ARRB2","AKAP8","APPL2"
"ATAD5","AKIRIN2","AQP4"
"ATG5","AKNA","ARF1"
"ATG9A","AKT1","ARF6"
"ATP7A","ALOX5","ARG1"
"AXL","ALOX5AP","ARG2"
"AY761185","ALPK1","ARHGEF2"
"AZGP1","ALS2","ARID5A"
"B2M","ANG","ARRB2"
"B430306N03RIK","ANG4","ATG5"
"BAG6","ANKFN1","ATG7"
"BATF","ANKHD1","ATG9A"
"BAX","ANKRD17","ATG16L1"
"BCAP31","ANKRD42","AXL"
"BCAR1","ANO6","AY761185"
"BCL2","ANXA1","B2M"
"BCL2A1D","ANXA3","B3GALT5"
"BCL3","AOAH","B430306N03RIK"
"BCL6","AOC3","BAD"
"BCL6B","AP1G1","BAIAP2"
"BCL10","APCS","BAIAP2L1"
"BCR","APOA1","BAK1"
"BDKRB2","APOA4","BANK1"
"BLK","APOBEC1","BATF"
"BMI1","APOBEC3","BATF2"
"BMP6","APOD","BATF3"
"BMPR1A","APOE","BC018473"
"BPI","APP","BCL2"
"BPIFA1","APPL1","BCL2L1"
"BPIFB1","APPL2","BCL2L11"
"BPIFB3","AQP4","BCL3"
"BRAF","ARF6","BCL10"
"BST2","ARG1","BCR"
"BTK","ARG2","BDKRB1"
"BTLA","ARHGEF2","BECN1"
"BTN1A1","ARID5A","BMP2"
"BTN2A2","ARRB2","BMP6"
"BTNL1","ASH1L","BNIP3"
"BTNL2","ASIC1","BNIP3L"
"BTNL4","ASIC4","BPI"
"BTNL6","ATG7","BPIFA1"
"BTNL9","ATG9A","BPIFA2"
"BTNL10","ATG16L1","BPIFB1"
"C1QA","ATM","BPIFB3"
"C1QB","ATRN","BST2"
"C1QBP","AXL","BTK"
"C1QC","AY761185","C1QA"
"C1RA","B2M","C1QB"
"C1RB","B4GALT1","C1QBP"
"C1RL","B430306N03RIK","C1QC"
"C1S1","BAP1","C1RA"
"C1S2","BATF","C1RB"
"C2","BATF2","C1RL"
"C3","BCL2","C1S1"
"C3AR1","BCL3","C1S2"
"C4A","BCL6","C2"
"C4B","BCL6B","C3"
"C4BP","BCL10","C4BP"
"C5AR1","BCR","C5AR1"
"C5AR2","BDKRB1","C8A"
"C6","BDKRB2","C8B"
"C8A","BDNF","C8G"
"C8B","BECN1","C9"
"C8G","BNIP3","C530030P08RIK"
"C9","BNIP3L","CACTIN"
"CACNA1F","BPI","CADM1"
"CACNB3","BPIFA1","CAMP"
"CACNB4","BPIFA2","CAPG"
"CACTIN","BPIFB1","CAR3"
"CADM1","BPIFB3","CAR5B"
"CAMK4","BRINP1","CARD9"
"CAMP","BST1","CASP1"
"CAPG","BST2","CASP4"
"CARD9","BTK","CAV1"
"CARD11","C1QA","CCDC80"
"CARMIL2","C1QB","CCDC88B"
"CASP1","C1QBP","CCDC186"
"CASP4","C1QC","CCL1"
"CAV1","C1QTNF3","CCL2"
"CBLB","C1QTNF12","CCL3"
"CCL1","C1RA","CCL4"
"CCL2","C1RB","CCL5"
"CCL3","C1RL","CCL6"
"CCL4","C1S1","CCL7"
"CCL5","C1S2","CCL8"
"CCL6","C2","CCL9"
"CCL7","C2CD4A","CCL11"
"CCL8","C2CD4B","CCL12"
"CCL9","C3","CCL17"
"CCL11","C3AR1","CCL19"
"CCL12","C4BP","CCL20"
"CCL17","C5AR1","CCL21A"
"CCL19","C5AR2","CCL21B"
"CCL20","C8A","CCL21C"
"CCL21A","C8B","CCL22"
"CCL21B","C8G","CCL24"
"CCL21C","C9","CCL25"
"CCL22","CACNA1E","CCL26"
"CCL24","CACTIN","CCL27B"
"CCL25","CADM1","CCL28"
"CCL26","CALCA","CCR1"
"CCL27B","CALCRL","CCR7"
"CCL28","CAMK1D","CD1D1"
"CCR1","CAMK4","CD4"
"CCR1L1","CAMP","CD6"
"CCR2","CAPG","CD8A"
"CCR3","CARD9","CD14"
"CCR4","CASP1","CD24A"
"CCR5","CASP4","CD36"
"CCR6","CASP6","CD37"
"CCR7","CASP12","CD40"
"CCR8","CAV1","CD47"
"CCR9","CCDC88B","CD52"
"CCR10","CCK","CD55"
"CCRL2","CCKBR","CD55B"
"CD1D1","CCL1","CD68"
"CD1D2","CCL2","CD74"
"CD3D","CCL3","CD79B"
"CD3E","CCL4","CD80"
"CD3G","CCL5","CD84"
"CD4","CCL6","CD86"
"CD5L","CCL7","CD96"
"CD6","CCL8","CD160"
"CD7","CCL9","CD177"
"CD8A","CCL11","CD180"
"CD8B1","CCL12","CD207"
"CD14","CCL17","CD209B"
"CD19","CCL19","CD209D"
"CD22","CCL20","CD226"
"CD24A","CCL21A","CD244A"
"CD28","CCL21B","CD274"
"CD36","CCL21C","CD300A"
"CD37","CCL22","CD300LB"
"CD38","CCL24","CD300LD3"
"CD40","CCL25","CD300LF"
"CD40LG","CCL26","CDC37"
"CD44","CCN3","CDC42"
"CD46","CCN4","CDC42EP2"
"CD47","CCR1","CDC42EP4"
"CD48","CCR1L1","CDC73"
"CD55","CCR2","CDK4"
"CD55B","CCR3","CEACAM1"
"CD59A","CCR4","CEBPB"
"CD59B","CCR5","CEBPE"
"CD68","CCR6","CEBPG"
"CD70","CCR7","CEP192"
"CD74","CCRL2","CES1C"
"CD79A","CD1D1","CES1G"
"CD79B","CD4","CFB"
"CD80","CD5L","CFD"
"CD81","CD6","CFH"
"CD84","CD8A","CFI"
"CD86","CD14","CFLAR"
"CD96","CD24A","CFP"
"CD160","CD28","CGAS"
"CD177","CD36","CHD7"
"CD180","CD37","CHGA"
"CD200","CD40","CHIA1"
"CD226","CD40LG","CHID1"
"CD244A","CD44","CHMP5"
"CD247","CD47","CHUK"
"CD274","CD55","CIITA"
"CD276","CD55B","CITED1"
"CD300A","CD68","CLEC2D"
"CD300LD3","CD74","CLEC4A2"
"CD300LF","CD81","CLEC4D"
"CDC37","CD84","CLEC4E"
"CDC42","CD86","CLEC4N"
"CDC42EP2","CD96","CLEC5A"
"CDC42EP4","CD160","CLEC7A"
"CDH17","CD163","CLEC12B"
"CEACAM1","CD177","CLNK"
"CEBPG","CD180","CLPS"
"CFB","CD200","CMPK2"
"CFD","CD200R1","CNOT7"
"CFH","CD200R2","CNPY3"
"CFI","CD200R3","CNR1"
"CFP","CD200R4","CNR2"
"CGAS","CD207","COCH"
"CHGA","CD209D","COLEC11"
"CHIA1","CD226","COLEC12"
"CHID1","CD244A","CORO1A"
"CIITA","CD276","COTL1"
"CITED1","CD300A","CPS1"
"CLCF1","CD300LD3","CR1L"
"CLEC2D","CD300LF","CR2"
"CLEC2I","CDC37","CRCP"
"CLEC4A2","CDC42","CREB3"
"CLEC4D","CDC42EP2","CREBBP"
"CLEC4E","CDC42EP4","CREBZF"
"CLEC4G","CDH5","CRK"
"CLEC4N","CDK19","CRP"
"CLEC5A","CEACAM1","CRTAM"
"CLEC7A","CEBPA","CSF1"
"CLEC12A","CEBPB","CSF1R"
"CLEC12B","CEBPE","CST9"
"CLNK","CEBPG","CST11"
"CMKLR1","CELA1","CTR9"
"CMTM3","CERS6","CTSG"
"CNOT7","CFB","CUBN"
"CNPY3","CFD","CX3CL1"
"CNR1","CFH","CX3CR1"
"COCH","CFI","CXADR"
"COL3A1","CFP","CXCL1"
"COLEC11","CGAS","CXCL2"
"COLEC12","CHGA","CXCL3"
"CORO1A","CHIA1","CXCL5"
"CPLX2","CHID1","CXCL9"
"CR1L","CHIL1","CXCL10"
"CR2","CHIL3","CXCL12"
"CRACR2A","CHIL4","CXCL13"
"CRCP","CHRNA7","CXCL14"
"CRHR1","CHST1","CXCL15"
"CRK","CHST2","CXCL16"
"CRKL","CHST4","CYBA"
"CRLF2","CHUK","CYBB"
"CRP","CIITA","CYBC1"
"CRTAM","CITED1","CYLD"
"CSF1","CLCF1","CYP2B10"
"CSF1R","CLEC2D","CYP2E1"
"CSF2","CLEC2H","CYP3A11"
"CSF3","CLEC4A2","CYP3A25"
"CSK","CLEC4D","CYP3A41A"
"CST9","CLEC4E","CYP3A41B"
"CTLA4","CLEC4N","CYP27B1"
"CTSC","CLEC5A","DAB2IP"
"CTSG","CLEC7A","DAPK1"
"CTSH","CLEC10A","DAPK3"
"CUEDC2","CLEC12B","DCST1"
"CX3CL1","CLNK","DDIT4"
"CX3CR1","CLOCK","DDX1"
"CXCL1","CLU","DDX3X"
"CXCL2","CMKLR1","DDX17"
"CXCL3","CNOT7","DDX21"
"CXCL5","CNPY3","DDX41"
"CXCL9","CNR1","DDX58"
"CXCL10","CNR2","DDX60"
"CXCL12","CNTF","DEFA1"
"CXCL13","COCH","DEFA2"
"CXCL14","COLEC10","DEFA3"
"CXCL15","COLEC11","DEFA4"
"CXCL16","COLEC12","DEFA5"
"CXCR1","CORO1A","DEFA6"
"CXCR2","COTL1","DEFA7"
"CXCR3","CR1L","DEFA8"
"CXCR4","CR2","DEFA9"
"CXCR5","CRCP","DEFA10"
"CXCR6","CREB3","DEFA11"
"CYBA","CRH","DEFA12"
"CYBB","CRHBP","DEFA13"
"CYBC1","CRK","DEFA14"
"CYLD","CRLF2","DEFA15"
"CYP27B1","CRP","DEFA16"
"CYSLTR1","CRTAM","DEFA17"
"D6WSU163E","CSF1","DEFA20"
"DAB2IP","CSF1R","DEFA21"
"DAPK1","CSPG4","DEFA22"
"DAPK3","CSRP3","DEFA23"
"DBNL","CST3","DEFA24"
"DCLRE1C","CST7","DEFA25"
"DCST1","CST11","DEFA26"
"DDX1","CTLA2A","DEFA27"
"DDX3X","CTNNBIP1","DEFA28"
"DDX21","CTSC","DEFA29"
"DDX58","CTSG","DEFA30"
"DDX60","CTSS","DEFA31"
"DEFA1","CUEDC2","DEFA34"
"DEFA2","CX3CL1","DEFA35"
"DEFA3","CX3CR1","DEFA37"
"DEFA4","CXADR","DEFA38"
"DEFA5","CXCL1","DEFA39"
"DEFA6","CXCL2","DEFA40"
"DEFA7","CXCL3","DEFA41"
"DEFA8","CXCL5","DEFA42"
"DEFA9","CXCL9","DEFA-RS2"
"DEFA10","CXCL10","DEFA-RS4"
"DEFA11","CXCL12","DEFA-RS10"
"DEFA13","CXCL13","DEFA-RS12"
"DEFA14","CXCL15","DEFB1"
"DEFA15","CXCL16","DEFB2"
"DEFA16","CXCL17","DEFB3"
"DEFA17","CXCR2","DEFB4"
"DEFA20","CXCR3","DEFB5"
"DEFA21","CXCR6","DEFB6"
"DEFA22","CYBA","DEFB7"
"DEFA23","CYBB","DEFB8"
"DEFA24","CYBC1","DEFB9"
"DEFA25","CYLD","DEFB10"
"DEFA26","CYP19A1","DEFB11"
"DEFA27","CYP26B1","DEFB12"
"DEFA28","CYP27B1","DEFB13"
"DEFA29","CYSLTR1","DEFB14"
"DEFA30","D1ERTD622E","DEFB15"
"DEFA31","DAB2IP","DEFB18"
"DEFA34","DAPK1","DEFB19"
"DEFA35","DAPK3","DEFB20"
"DEFA37","DBI","DEFB22"
"DEFA38","DCST1","DEFB25"
"DEFA39","DDIT4","DEFB29"
"DEFA40","DDT","DEFB30"
"DEFA41","DDX1","DEFB33"
"DEFA42","DDX3X","DEFB34"
"DEFA-RS2","DDX17","DEFB35"
"DEFA-RS10","DDX21","DEFB36"
"DEFA-RS12","DDX41","DEFB37"
"DEFB1","DDX58","DEFB38"
"DEFB12","DDX60","DEFB39"
"DEFB15","DEAF1","DEFB40"
"DEFB18","DEFA1","DEFB41"
"DEFB19","DEFA2","DEFB42"
"DEFB20","DEFA3","DEFB43"
"DEFB22","DEFA4","DEFB46"
"DEFB25","DEFA5","DEFB47"
"DEFB29","DEFA6","DEFB48"
"DEFB30","DEFA7","DEFB50"
"DEFB34","DEFA8","DGKB"
"DEFB35","DEFA9","DHX9"
"DEFB36","DEFA10","DHX36"
"DEFB41","DEFA11","DHX58"
"DEFB43","DEFA12","DICER1"
"DENND1B","DEFA13","DMBT1"
"DHX9","DEFA14","DNAJA3"
"DHX36","DEFA15","DRD2"
"DHX58","DEFA16","DROSHA"
"DLG1","DEFA17","DTX3L"
"DLL1","DEFA20","DUOX2"
"DMBT1","DEFA21","DUSP10"
"DNAJA3","DEFA22","E430024C06RIK"
"DNASE1","DEFA23","ECSIT"
"DNASE1L3","DEFA24","EDNRA"
"DNASE2A","DEFA25","EDNRB"
"DOCK2","DEFA26","EIF2AK2"
"DOCK10","DEFA27","EIF2AK4"
"DOCK11","DEFA28","ELANE"
"DPP4","DEFA29","ELF4"
"DRD2","DEFA30","ELMOD2"
"DTX3L","DEFA31","EPG5"
"DUSP3","DEFA34","EPHA2"
"DUSP10","DEFA35","EPRS"
"DUSP22","DEFA37","EPX"
"DYSF","DEFA38","ERBIN"
"ECM1","DEFA39","ERCC6"
"ECSIT","DEFA40","EREG"
"EDA","DEFA41","ESR1"
"EIF2AK2","DEFA42","EVL"
"EIF2AK4","DEFA-RS2","EXOSC4"
"EIF2B1","DEFA-RS4","EXOSC5"
"EIF2B2","DEFA-RS10","F2"
"EIF2B3","DEFA-RS12","F2R"
"EIF2B4","DEFB1","F2RL1"
"EIF2B5","DEFB2","FABP4"
"ELANE","DEFB3","FADD"
"ELF1","DEFB4","FAM3A"
"ELF4","DEFB5","FAM20A"
"EMP2","DEFB6","FAU"
"ENDOU","DEFB7","FBXO9"
"ENPP1","DEFB8","FCER1G"
"ENPP2","DEFB9","FCGR1"
"ENPP3","DEFB10","FCGR2B"
"EOMES","DEFB11","FCGR4"
"EPG5","DEFB12","FCNA"
"EPHB6","DEFB13","FCNB"
"EPRS","DEFB14","FER"
"ERAP1","DEFB15","FER1L6"
"ERBIN","DEFB18","FFAR2"
"ERCC1","DEFB19","FGA"
"EREG","DEFB20","FGB"
"ERMAP","DEFB22","FGF15"
"ESR1","DEFB25","FGG"
"EVL","DEFB29","FGL2"
"EXO1","DEFB30","FGR"
"EXOSC3","DEFB33","FHE"
"EXOSC6","DEFB34","FKBP5"
"EZR","DEFB35","FLNB"
"F2","DEFB36","FLOT1"
"F2RL1","DEFB37","FLT3"
"FADD","DEFB38","FMR1"
"FAM3A","DEFB39","FPR2"
"FAM49B","DEFB40","FUCA2"
"FAS","DEFB41","FV1"
"FASL","DEFB42","FZD5"
"FAU","DEFB43","G3BP1"
"FBXO9","DEFB46","G3BP2"
"FBXO38","DEFB47","GALP"
"FCAMR","DEFB48","GAPDH"
"FCER1A","DEFB50","GAS2L3"
"FCER1G","DHX9","GAS5"
"FCER2A","DHX36","GATA3"
"FCGR1","DHX58","GBF1"
"FCGR2B","DICER1","GBP2"
"FCGR3","DMBT1","GBP2B"
"FCGRT","DNAJA3","GBP3"
"FCNA","DNASE1","GBP4"
"FCNB","DNASE1L3","GBP5"
"FCRL5","DPP4","GBP6"
"FCRLB","DRD1","GBP7"
"FER","DRD2","GBP8"
"FES","DRD4","GBP9"
"FFAR2","DROSHA","GBP10"
"FFAR3","DTX3L","GCH1"
"FGA","DUOX1","GDAP10"
"FGB","DUOX2","GFER"
"FGG","DUOXA1","GFI1"
"FGL1","DUOXA2","GGT1"
"FGL2","DUSP10","GGT5"
"FGR","ECM1","GKN2"
"FKBP1A","ECSIT","GLI2"
"FLNB","EDNRA","GLYCAM1"
"FLOT1","EDNRB","GM2564"
"FOXF1","EGFR","GM10002"
"FOXJ1","EIF2AK1","GM10708"
"FOXP1","EIF2AK2","GM10796"
"FOXP3","EIF2AK4","GM12250"
"FPR1","EIF4E","GM14335"
"FPR2","EIF4G1","GM22053"
"FPR3","ELANE","GM22435"
"FPR-RS3","ELF3","GM23054"
"FPR-RS4","ELF4","GM24769"
"FPR-RS6","ELMOD2","GM24787"
"FPR-RS7","ENPP3","GM25038"
"FUT7","EP300","GM26315"
"FYB","EPG5","GM43302"
"FYB2","EPHA2","GM45717"
"FYN","EPHB6","GPAM"
"FZD5","EPHX2","GPATCH3"
"G3BP1","EPRS","GPC3"
"G3BP2","EPX","GPER1"
"GAB2","ERBIN","GPM6A"
"GADD45G","ERCC6","GPR31B"
"GALP","EREG","GPS2"
"GAPDH","ESR1","GPX1"
"GAPT","ESR2","GPX2"
"GAS6","ETS1","GRAMD4"
"GATA2","EVL","GRN"
"GATA3","EXOSC4","GRP"
"GBF1","EXOSC5","GRPR"
"GBP2","F2","GSDMD"
"GBP2B","F2R","GSDME"
"GBP3","F2RL1","GSN"
"GBP4","F3","GSTA1"
"GBP5","F8","GSTA2"
"GBP6","F12","GSTM3"
"GBP7","F630003A18RIK","GSTP1"
"GBP8","F830016B08RIK","GUCY1A1"
"GBP9","FABP4","GZMA"
"GBP10","FADD","H2-AA"
"GCH1","FAM3A","H2-AB1"
"GCNT3","FANCA","H2-BL"
"GCSAM","FANCD2","H2-EB1"
"GFER","FAU","H2-K1"
"GFI1","FBXL20","H2-M3"
"GM1987","FBXO9","H2-Q7"
"GM2564","FCER1A","H2-Q9"
"GM7030","FCER1G","H2-T23"
"GM8909","FCGR1","H2BC4"
"GM11127","FCGR2B","H2BC6"
"GM13271","FCGR3","H2BC7"
"GM13272","FCNA","H2BC8"
"GM13275","FCNB","H2BC12"
"GM13276","FEM1A","H2BC13"
"GM13277","FFAR2","H2BC21"
"GM13283","FFAR3","H60A"
"GM17472","FFAR4","H60B"
"GM20730","FGA","H60C"
"GM36028","FGB","HAMP"
"GM43218","FGG","HAMP2"
"GM43302","FGL2","HAVCR2"
"GM45717","FGR","HBA-A1"
"GP2","FLNB","HBA-A2"
"GPATCH3","FLOT1","HC"
"GPER1","FN1","HCK"
"GPLD1","FNDC4","HERC6"
"GPR17","FOXF1","HEXIM1"
"GPR31B","FOXP3","HK1"
"GPR33","FPR1","HMCN1"
"GPR183","FPR2","HMGB1"
"GPRC5B","FPR3","HMGB2"
"GPS2","FPR-RS3","HMGB3"
"GPX1","FPR-RS4","HMGB4"
"GPX2","FPR-RS6","HNRNPA0"
"GRAMD4","FPR-RS7","HNRNPUL1"
"GRN","FV1","HP"
"GSDMD","G3BP1","HPX"
"GSN","G3BP2","HRAS"
"GZMB","GABRA5","HRG"
"GZMM","GAL","HSF1"
"H2-AA","GALP","HSP84-2"
"H2-AB1","GAPDH","HSPD1"
"H2-BL","GATA3","HTRA1"
"H2-D1","GBP2","HYAL1"
"H2-DMA","GBP2B","HYAL2"
"H2-DMB1","GBP3","HYAL3"
"H2-EA-PS","GBP4","IDO1"
"H2-EB1","GBP5","IER3"
"H2-K1","GBP6","IFI27L2A"
"H2-L","GBP7","IFI27L2B"
"H2-M1","GBP8","IFI44"
"H2-M2","GBP9","IFI44L"
"H2-M3","GBP10","IFI202A"
"H2-M5","GCH1","IFI203"
"H2-M9","GFER","IFI204"
"H2-M10.1","GFI1","IFI205"
"H2-M10.2","GGT1","IFI208"
"H2-M10.3","GGT5","IFI209"
"H2-M10.4","GHRL","IFI211"
"H2-M10.5","GHSR","IFI214"
"H2-M10.6","GJA1","IFIH1"
"H2-M11","GM1987","IFIT1"
"H2-Q1","GM2564","IFIT1BL1"
"H2-Q2","GM4841","IFIT1BL2"
"H2-Q4","GM4951","IFIT2"
"H2-Q6","GM5431","IFIT3"
"H2-Q7","GM12185","IFIT3B"
"H2-Q8","GM43302","IFITM1"
"H2-Q9","GM45717","IFITM2"
"H2-Q10","GNG7","IFITM3"
"H2-T3","GPAM","IFITM6"
"H2-T22","GPATCH3","IFITM7"
"H2-T23","GPER1","IFNA"
"H2-T24","GPR17","IFNA1"
"H2BC4","GPR33","IFNA2"
"H2BC6","GPRC5B","IFNA4"
"H2BC7","GPS2","IFNA6"
"H2BC8","GPSM3","IFNA9"
"H2BC12","GPX1","IFNA11"
"H2BC13","GPX2","IFNA12"
"H2BC21","GPX4","IFNA13"
"H60A","GRAMD4","IFNAR1"
"H60B","GRIK2","IFNAR2"
"H60C","GRIN2B","IFNB1"
"HAVCR2","GRM7","IFNE"
"HC","GRN","IFNG"
"HCK","GSDMD","IFNGR1"
"HCST","GSN","IFNGR2"
"HERC6","GSTP1","IFNK"
"HEXIM1","H2-AA","IFNL2"
"HFE","H2-AB1","IFNL3"
"HK1","H2-BL","IFNLR1"
"HLX","H2-EB1","IGF2"
"HMGB1","H2-K1","IGHA"
"HMGB2","H2-L","IGHD"
"HMGB3","H2-M3","IGHE"
"HMGB4","H2-Q7","IGHG"
"HMOX1","H2-Q9","IGHG1"
"HPRT","H2-T23","IGHG2A"
"HPX","H2BC1","IGHG2B"
"HRAS","H2BC4","IGHG2C"
"HRG","H2BC6","IGHG3"
"HSP84-2","H2BC7","IGHM"
"HSPA8","H2BC8","IGHV1-4"
"HSPD1","H2BC12","IGHV1-5"
"ICAM1","H2BC13","IGHV1-7"
"ICOSL","H2BC21","IGHV1-9"
"IDO1","H60A","IGHV1-11"
"IFI27L2B","H60B","IGHV1-12"
"IFI44","H60C","IGHV1-15"
"IFI44L","HAMP","IGHV1-16"
"IFI202A","HAMP2","IGHV1-18"
"IFI203","HAVCR2","IGHV1-19"
"IFI204","HC","IGHV1-20"
"IFI205","HCK","IGHV1-22"
"IFI208","HDAC5","IGHV1-23"
"IFI209","HDAC7","IGHV1-24"
"IFI211","HDAC9","IGHV1-26"
"IFI214","HERC6","IGHV1-31"
"IFIH1","HEXIM1","IGHV1-34"
"IFIT1","HGF","IGHV1-36"
"IFIT2","HIF1A","IGHV1-37"
"IFIT3","HK1","IGHV1-39"
"IFITM1","HMGB1","IGHV1-42"
"IFITM2","HMGB2","IGHV1-43"
"IFITM3","HMGB3","IGHV1-47"
"IFITM6","HMGB4","IGHV1-49"
"IFITM7","HMOX1","IGHV1-50"
"IFNA","HNRNPA0","IGHV1-52"
"IFNA1","HP","IGHV1-53"
"IFNA2","HPX","IGHV1-54"
"IFNA4","HRAS","IGHV1-55"
"IFNA5","HRG","IGHV1-56"
"IFNA6","HRH4","IGHV1-58"
"IFNA7","HSF1","IGHV1-59"
"IFNA9","HSP84-2","IGHV1-61"
"IFNA11","HSPD1","IGHV1-62-1"
"IFNA12","HTR1A","IGHV1-62-2"
"IFNA13","HTR2C","IGHV1-62-3"
"IFNA14","HTRA1","IGHV1-63"
"IFNA15","HYAL1","IGHV1-64"
"IFNA16","HYAL2","IGHV1-66"
"IFNAB","HYAL3","IGHV1-67"
"IFNAR1","ICAM1","IGHV1-69"
"IFNAR2","IDO1","IGHV1-72"
"IFNB1","IER3","IGHV1-74"
"IFNE","IFI27L2B","IGHV1-75"
"IFNG","IFI44L","IGHV1-76"
"IFNK","IFI47","IGHV1-77"
"IFNL2","IFI202A","IGHV1-78"
"IFNL3","IFI203","IGHV1-80"
"IFNLR1","IFI204","IGHV1-81"
"IFNZ","IFI205","IGHV1-82"
"IGF1R","IFI208","IGHV1-84"
"IGF2","IFI209","IGHV1-85"
"IGH-7","IFI211","IGHV2-2"
"IGH-8","IFI214","IGHV2-3"
"IGHA","IFIH1","IGHV2-4"
"IGHD","IFIT1","IGHV2-5"
"IGHE","IFIT1BL1","IGHV2-6"
"IGHG","IFIT1BL2","IGHV2-6-8"
"IGHG1","IFIT2","IGHV2-7"
"IGHG2A","IFIT3","IGHV2-9"
"IGHG2B","IFIT3B","IGHV2-9-1"
"IGHG2C","IFITM1","IGHV3-1"
"IGHG3","IFITM2","IGHV3-3"
"IGHM","IFITM3","IGHV3-4"
"IGHV1-4","IFITM6","IGHV3-5"
"IGHV1-5","IFITM7","IGHV3-6"
"IGHV1-7","IFNA","IGHV3-8"
"IGHV1-9","IFNA1","IGHV4-1"
"IGHV1-11","IFNA2","IGHV5-2"
"IGHV1-12","IFNA4","IGHV5-4"
"IGHV1-15","IFNA6","IGHV5-6"
"IGHV1-16","IFNA9","IGHV5-9"
"IGHV1-18","IFNA11","IGHV5-9-1"
"IGHV1-19","IFNA12","IGHV5-12"
"IGHV1-20","IFNA13","IGHV5-12-4"
"IGHV1-22","IFNAR1","IGHV5-15"
"IGHV1-23","IFNAR2","IGHV5-16"
"IGHV1-24","IFNB1","IGHV5-17"
"IGHV1-26","IFNE","IGHV6-3"
"IGHV1-31","IFNG","IGHV6-4"
"IGHV1-34","IFNGR1","IGHV6-5"
"IGHV1-36","IFNGR2","IGHV6-6"
"IGHV1-37","IFNK","IGHV6-7"
"IGHV1-39","IFNL2","IGHV7-2"
"IGHV1-42","IFNL3","IGHV7-4"
"IGHV1-43","IFNLR1","IGHV8-2"
"IGHV1-47","IGF1","IGHV8-4"
"IGHV1-49","IGF2","IGHV8-5"
"IGHV1-50","IGH-7","IGHV8-6"
"IGHV1-52","IGH-8","IGHV8-8"
"IGHV1-53","IGHA","IGHV8-9"
"IGHV1-54","IGHD","IGHV8-11"
"IGHV1-55","IGHE","IGHV8-12"
"IGHV1-56","IGHG","IGHV8-13"
"IGHV1-58","IGHG1","IGHV9-1"
"IGHV1-59","IGHG2A","IGHV9-2"
"IGHV1-61","IGHG2B","IGHV9-3"
"IGHV1-62-1","IGHG2C","IGHV9-4"
"IGHV1-62-2","IGHG3","IGHV10-1"
"IGHV1-62-3","IGHM","IGHV10-3"
"IGHV1-63","IGHV1-4","IGHV11-1"
"IGHV1-64","IGHV1-5","IGHV11-2"
"IGHV1-66","IGHV1-7","IGHV12-3"
"IGHV1-67","IGHV1-9","IGHV13-2"
"IGHV1-69","IGHV1-11","IGHV14-1"
"IGHV1-72","IGHV1-12","IGHV14-2"
"IGHV1-74","IGHV1-15","IGHV14-3"
"IGHV1-75","IGHV1-16","IGHV14-4"
"IGHV1-76","IGHV1-18","IGHV15-2"
"IGHV1-77","IGHV1-19","IGHV16-1"
"IGHV1-78","IGHV1-20","IGK-V28"
"IGHV1-80","IGHV1-22","IGKC"
"IGHV1-81","IGHV1-23","IGKJ1"
"IGHV1-82","IGHV1-24","IGKV2-137"
"IGHV1-84","IGHV1-26","IGKV6-14"
"IGHV1-85","IGHV1-31","IGLC1"
"IGHV2-2","IGHV1-34","IGLC2"
"IGHV2-3","IGHV1-36","IGLC3"
"IGHV2-4","IGHV1-37","IGLL1"
"IGHV2-5","IGHV1-39","IIGP1"
"IGHV2-6","IGHV1-42","IKBKE"
"IGHV2-6-8","IGHV1-43","IKZF3"
"IGHV2-7","IGHV1-47","IL1A"
"IGHV2-9","IGHV1-49","IL1B"
"IGHV2-9-1","IGHV1-50","IL1F5"
"IGHV3-1","IGHV1-52","IL1F6"
"IGHV3-3","IGHV1-53","IL1F8"
"IGHV3-4","IGHV1-54","IL1F9"
"IGHV3-5","IGHV1-55","IL1F10"
"IGHV3-6","IGHV1-56","IL1RAP"
"IGHV3-8","IGHV1-58","IL1RL2"
"IGHV4-1","IGHV1-59","IL1RN"
"IGHV5-2","IGHV1-61","IL2RA"
"IGHV5-4","IGHV1-62-1","IL4"
"IGHV5-6","IGHV1-62-2","IL4RA"
"IGHV5-9","IGHV1-62-3","IL6"
"IGHV5-9-1","IGHV1-63","IL10"
"IGHV5-12","IGHV1-64","IL10RB"
"IGHV5-12-4","IGHV1-66","IL12A"
"IGHV5-15","IGHV1-67","IL12B"
"IGHV5-16","IGHV1-69","IL12RB1"
"IGHV5-17","IGHV1-72","IL12RB2"
"IGHV6-3","IGHV1-74","IL15"
"IGHV6-4","IGHV1-75","IL17A"
"IGHV6-5","IGHV1-76","IL17RA"
"IGHV6-6","IGHV1-77","IL17RC"
"IGHV6-7","IGHV1-78","IL18"
"IGHV7-2","IGHV1-80","IL18RAP"
"IGHV7-4","IGHV1-81","IL21"
"IGHV8-2","IGHV1-82","IL22RA1"
"IGHV8-4","IGHV1-84","IL23A"
"IGHV8-5","IGHV1-85","IL23R"
"IGHV8-6","IGHV2-2","IL25"
"IGHV8-8","IGHV2-3","IL27"
"IGHV8-9","IGHV2-4","IL27RA"
"IGHV8-11","IGHV2-5","IL31RA"
"IGHV8-12","IGHV2-6","IL33"
"IGHV8-13","IGHV2-6-8","IL34"
"IGHV9-1","IGHV2-7","ILF3"
"IGHV9-2","IGHV2-9","ILRUN"
"IGHV9-3","IGHV2-9-1","INAVA"
"IGHV9-4","IGHV3-1","INS2"
"IGHV10-1","IGHV3-3","IPO7"
"IGHV10-3","IGHV3-4","IRAK1"
"IGHV11-1","IGHV3-5","IRAK2"
"IGHV11-2","IGHV3-6","IRAK3"
"IGHV12-3","IGHV3-8","IRAK4"
"IGHV13-2","IGHV4-1","IRF1"
"IGHV14-1","IGHV5-2","IRF2"
"IGHV14-2","IGHV5-4","IRF3"
"IGHV14-3","IGHV5-6","IRF4"
"IGHV14-4","IGHV5-9","IRF5"
"IGHV15-2","IGHV5-9-1","IRF7"
"IGHV16-1","IGHV5-12","IRF8"
"IGKC","IGHV5-12-4","IRGM1"
"IGKV1-35","IGHV5-15","IRGM2"
"IGKV1-88","IGHV5-16","ISG15"
"IGKV1-99","IGHV5-17","ISG20"
"IGKV1-110","IGHV6-3","ITCH"
"IGKV1-117","IGHV6-4","ITGAV"
"IGKV1-122","IGHV6-5","ITGAX"
"IGKV1-131","IGHV6-6","ITLN1"
"IGKV1-132","IGHV6-7","ITLNB"
"IGKV1-133","IGHV7-2","IVNS1ABP"
"IGKV1-135","IGHV7-4","JAGN1"
"IGKV2-109","IGHV8-2","JAK2"
"IGKV2-112","IGHV8-4","JAK3"
"IGKV2-137","IGHV8-5","JCHAIN"
"IGKV3-1","IGHV8-6","JUN"
"IGKV3-2","IGHV8-8","JUNB"
"IGKV3-3","IGHV8-9","JUND"
"IGKV3-4","IGHV8-11","KCNJ8"
"IGKV3-5","IGHV8-12","KIF5B"
"IGKV3-7","IGHV8-13","KIF16B"
"IGKV3-9","IGHV9-1","KLHL6"
"IGKV3-10","IGHV9-2","KLK5"
"IGKV3-12","IGHV9-3","KLK7"
"IGKV4-50","IGHV9-4","KLRA8"
"IGKV4-51","IGHV10-1","KLRB1B"
"IGKV4-53","IGHV10-3","KLRB1C"
"IGKV4-54","IGHV11-1","KLRD1"
"IGKV4-55","IGHV11-2","KLRE1"
"IGKV4-57","IGHV12-3","KLRG1"
"IGKV4-57-1","IGHV13-2","KLRK1"
"IGKV4-58","IGHV14-1","KPNA6"
"IGKV4-59","IGHV14-2","KRT1"
"IGKV4-61","IGHV14-3","KRT6A"
"IGKV4-62","IGHV14-4","KRT8"
"IGKV4-63","IGHV15-2","KRT16"
"IGKV4-68","IGHV16-1","KYAT1"
"IGKV4-69","IGKC","KYNU"
"IGKV4-70","IGLC1","LAG3"
"IGKV4-71","IGLC2","LALBA"
"IGKV4-72","IGLC3","LAMP1"
"IGKV4-74","IGLL1","LBP"
"IGKV4-78","IGTP","LCN2"
"IGKV4-79","IIGP1","LDOC1"
"IGKV4-80","IKBKE","LEAP2"
"IGKV4-81","IL1A","LEP"
"IGKV4-86","IL1B","LGALS3"
"IGKV4-90","IL1F5","LGALS8"
"IGKV4-91","IL1F6","LGALS9"
"IGKV4-92","IL1F8","LGR4"
"IGKV5-37","IL1F9","LIAS"
"IGKV5-39","IL1F10","LILRB4A"
"IGKV5-43","IL1R1","LITAF"
"IGKV5-45","IL1R2","LPL"
"IGKV5-48","IL1RAP","LPO"
"IGKV6-13","IL1RL1","LRAT"
"IGKV6-14","IL1RL2","LRG1"
"IGKV6-15","IL1RN","LRP8"
"IGKV6-17","IL2","LRRC14"
"IGKV6-20","IL2RA","LRRC19"
"IGKV6-23","IL4","LRRFIP2"
"IGKV6-25","IL4RA","LRSAM1"
"IGKV6-29","IL5RA","LSM5"
"IGKV6-32","IL6","LSM14A"
"IGKV7-33","IL10","LTA"
"IGKV8-16","IL10RB","LTF"
"IGKV8-18","IL12A","LY6A"
"IGKV8-19","IL12B","LY6G6C"
"IGKV8-21","IL12RB1","LY9"
"IGKV8-24","IL13","LY86"
"IGKV8-26","IL15","LY96"
"IGKV8-27","IL17A","LYG1"
"IGKV8-28","IL17B","LYG2"
"IGKV8-30","IL17C","LYN"
"IGKV8-34","IL17D","LYPD8"
"IGKV9-120","IL17F","LYST"
"IGKV9-123","IL17RA","LYZ1"
"IGKV9-124","IL17RB","LYZ2"
"IGKV9-129","IL17RC","LYZL1"
"IGKV10-94","IL17RE","LYZL4"
"IGKV10-95","IL18","LYZL6"
"IGKV10-96","IL18R1","MACROD2"
"IGKV11-125","IL18RAP","MALT1"
"IGKV12-38","IL20RB","MAP2K7"
"IGKV12-41","IL21","MAP3K5"
"IGKV12-44","IL22","MAP3K14"
"IGKV12-46","IL22RA1","MAP4K2"
"IGKV12-89","IL22RA2","MAPK1"
"IGKV12-98","IL23A","MAPK3"
"IGKV13-84","IL23R","MAPK8"
"IGKV13-85","IL25","MAPK11"
"IGKV14-100","IL27","MAPK14"
"IGKV14-111","IL27RA","MAPKAPK2"
"IGKV14-130","IL31RA","MAPKAPK3"
"IGKV15-103","IL33","MAPKBP1"
"IGKV16-104","IL34","MARCO"
"IGKV17-121","ILF3","MASP1"
"IGKV17-127","ILRUN","MASP2"
"IGKV18-36","INAVA","MATR3"
"IGKV19-93","INS2","MAVS"
"IGKV20-101-2","IPO7","MBL1"
"IGLC1","IRAK1","MBL2"
"IGLC2","IRAK2","MCOLN2"
"IGLC3","IRAK3","MECOM"
"IGLL1","IRAK4","MED1"
"IGLV1","IRF1","MEF2C"
"IGLV2","IRF2","MEFV"
"IGLV3","IRF3","METTL3"
"IIGP1","IRF4","MFHAS1"
"IKBKE","IRF5","MGST1"
"IL1A","IRF7","MID2"
"IL1B","IRF8","MIF"
"IL1F5","IRGM1","MILL2"
"IL1F6","IRGM2","MIR7-1"
"IL1F8","ISG15","MIR7-2"
"IL1F9","ISG20","MIR7B"
"IL1F10","ISL1","MIR10A"
"IL1R1","ITCH","MIR15A"
"IL1RAP","ITGA2","MIR15B"
"IL1RL1","ITGAM","MIR16-1"
"IL1RL2","ITGAV","MIR16-2"
"IL1RN","ITGAX","MIR17"
"IL2","ITGB2","MIR18"
"IL2RA","ITGB2L","MIR19B-1"
"IL3","ITGB6","MIR19B-2"
"IL4","ITIH4","MIR20A"
"IL4RA","ITLNB","MIR21A"
"IL5","JAGN1","MIR23B"
"IL5RA","JAK2","MIR24-1"
"IL6","JAK3","MIR24-2"
"IL7","JAM3","MIR26A-1"
"IL7R","JCHAIN","MIR26A-2"
"IL9","JUN","MIR26B"
"IL10","KALRN","MIR27A"
"IL12A","KARS","MIR27B"
"IL12B","KCNJ8","MIR29A"
"IL12RB1","KDM6B","MIR29B-1"
"IL13","KIF5B","MIR29B-2"
"IL13RA2","KIF16B","MIR30A"
"IL15","KIT","MIR30B"
"IL18","KL","MIR30C-1"
"IL18BP","KLK1B1","MIR30C-2"
"IL18R1","KLK5","MIR30D"
"IL18RAP","KLK7","MIR30E"
"IL20RB","KLKB1","MIR98"
"IL21","KLRB1B","MIR103-1"
"IL23A","KLRB1C","MIR103-2"
"IL23R","KLRD1","MIR106A"
"IL25","KLRE1","MIR106B"
"IL27","KLRG1","MIR107"
"IL27RA","KLRK1","MIR122"
"IL31RA","KNG1","MIR125A"
"IL33","KPNA6","MIR126A"
"IL34","KRT1","MIR133A-1"
"ILF2","KRT6A","MIR133A-2"
"ILRUN","KRT16","MIR133B"
"INAVA","KYNU","MIR139"
"INPP5D","LAG3","MIR140"
"INS2","LALBA","MIR142"
"IPO7","LAMP1","MIR144"
"IRAK1","LAT","MIR146"
"IRAK1BP1","LBP","MIR146B"
"IRAK2","LCN2","MIR147"
"IRAK3","LDLR","MIR148A"
"IRAK4","LEAP2","MIR150"
"IRF1","LEP","MIR155"
"IRF3","LGALS3","MIR181A-1"
"IRF4","LGALS8","MIR181A-2"
"IRF5","LGALS9","MIR181B-2"
"IRF7","LGR4","MIR181C"
"IRF8","LIAS","MIR182"
"IRGM1","LILRA5","MIR184"
"IRGM2","LILRB4A","MIR192"
"ISG15","LIPA","MIR193A"
"ISG20","LOXL3","MIR194-1"
"ITCH","LPL","MIR194-2"
"ITFG2","LPO","MIR199A-1"
"ITGAL","LRFN5","MIR199A-2"
"ITGAM","LRP1","MIR200B"
"ITGB2","LRP8","MIR200C"
"ITK","LRRC14","MIR202"
"ITM2A","LRRC19","MIR205"
"JAG1","LRRFIP2","MIR210"
"JAK2","LRRK2","MIR215"
"JAK3","LRSAM1","MIR217"
"JAM3","LSM14A","MIR223"
"JCHAIN","LSP1","MIR224"
"KARS","LTA","MIR291B"
"KCNN4","LTB4R1","MIR293"
"KDELR1","LTB4R2","MIR301"
"KDM5D","LTF","MIR323"
"KIF5B","LXN","MIR331"
"KIF16B","LY9","MIR342"
"KIT","LY86","MIR345"
"KLHL6","LY96","MIR350"
"KLK5","LYG1","MIR374B"
"KLK7","LYG2","MIR381"
"KLRB1B","LYN","MIR383"
"KLRB1C","LYPD1","MIR409"
"KLRD1","LYPD8","MIR421"
"KLRE1","LYST","MIR425"
"KLRG1","LYZ1","MIR431"
"KLRK1","LYZ2","MIR433"
"KRT1","LYZL1","MIR451A"
"KRT6A","LYZL4","MIR467D"
"KRT16","LYZL6","MIR484"
"KYNU","MALT1","MIR486"
"LAG3","MAP2K3","MIR494"
"LAMP1","MAP3K5","MIR497"
"LAMP3","MAP3K14","MIR500"
"LAT","MAP4K2","MIR501"
"LAT2","MAPK3","MIR511"
"LAX1","MAPK8","MIR598"
"LBP","MAPK8IP2","MIR672"
"LCK","MAPK14","MIR700"
"LCN2","MAPKAPK2","MIR714"
"LCP1","MAPKAPK3","MIR744"
"LCP2","MAPKBP1","MIR1899"
"LEAP2","MARCO","MIRLET7A-1"
"LEF1","MAS1","MIRLET7A-2"
"LEP","MASP1","MIRLET7B"
"LFNG","MASP2","MIRLET7D"
"LGALS1","MATR3","MIRLET7G"
"LGALS3","MAVS","MIRLET7I"
"LGALS8","MBL1","MLH1"
"LGALS9","MBL2","MMP2"
"LGR4","MCOLN2","MMP7"
"LIF","MCPH1","MMP12"
"LIG4","MDK","MNDAL"
"LILRB4A","MECOM","MOV10"
"LIME1","MECP2","MPEG1"
"LOXL3","MED1","MPO"
"LPIN1","MEF2C","MPTX1"
"LPXN","MEFV","MPTX2"
"LRP1","MEP1B","MR1"
"LRP8","METRNL","MRC1"
"LRRC14","METTL3","MS4A1"
"LRRC19","MFHAS1","MSRB1"
"LRRFIP2","MGLL","MST1R"
"LSM14A","MID2","MT2"
"LST1","MIF","MTDH"
"LTA","MILL2","MUC5B"
"LTB","MIR21A","MUL1"
"LTBR","MIR147","MX1"
"LTF","MIR155","MX2"
"LY9","MIR301","MYD88"
"LY86","MIR324","MYO1C"
"LY96","MIR511","MYO1F"
"LYN","MIR883B","MYO18A"
"LYST","MIR7578","NAALADL2"
"MAD2L2","MMP2","NAIP2"
"MALT1","MMP7","NAIP5"
"MAP3K5","MMP8","NAIP6"
"MAP3K14","MMP12","NCBP3"
"MAP4K2","MMP25","NCF1"
"MAPK1","MNDAL","NCF2"
"MAPK3","MORC1","NCK1"
"MAPK14","MOV10","NCL"
"MAPKAPK2","MPEG1","NCR1"
"MAPKAPK3","MPO","NDUFS4"
"1-Mar","MPTX1","NECTIN2"
"8-Mar","MPTX2","NEXN"
"MARCO","MR1","NFIB"
"MASP1","MRC1","NFKB1"
"MASP2","MRGPRA3","NFKBIA"
"MATR3","MS4A2","NFKBIB"
"MAVS","MSRB1","NFKBIL1"
"MBL1","MST1R","NKX2-1"
"MBL2","MUC5B","NLRC3"
"MCOLN1","MUC19","NLRC4"
"MCOLN2","MUL1","NLRC5"
"MDK","MVK","NLRP1A"
"MED1","MX1","NLRP1B"
"MEF2C","MX2","NLRP3"
"MEFV","MYD88","NLRP6"
"METTL3","MYLK3","NLRP9A"
"MFHAS1","MYO1C","NLRP9B"
"MFNG","MYO1F","NLRP9C"
"MFSD6","MYO18A","NLRP10"
"MID2","NAIP2","NLRX1"
"MIF","NAIP5","NMI"
"MILL1","NAIP6","NOCT"
"MILL2","NAMPT","NOD1"
"MILR1","NAPEPLD","NOD2"
"MIR21A","NCBP3","NONO"
"MIR155","NCF1","NOP53"
"MIR181B-1","NCR1","NOS1"
"MIR181B-2","NDFIP1","NOS2"
"MIR301","NDST1","NOS3"
"MIR326","NDUFC2","NOTCH2"
"MIR511","NDUFS4","NPLOC4"
"MIR873A","NECTIN2","NPY"
"MLH1","NEUROD2","NR1D1"
"MMP2","NFE2L1","NR1H2"
"MMP7","NFE2L2","NR1H3"
"MMP12","NFKB1","NR1H4"
"MNDAL","NFKB2","NR1H5"
"MOG","NFKBIA","NR1I2"
"MPEG1","NFKBID","NR1I3"
"MPTX1","NFKBIL1","NRAS"
"MPTX2","NFKBIZ","NRROS"
"MR1","NGP","NT5C3"
"MRC1","NLRC3","NTS"
"MS4A1","NLRC4","NUGGC"
"MS4A2","NLRC5","OAS1A"
"MSH2","NLRP1A","OAS1B"
"MSH6","NLRP1B","OAS1C"
"MSRB1","NLRP3","OAS1D"
"MST1R","NLRP4A","OAS1E"
"MTOR","NLRP4B","OAS1F"
"MUC4","NLRP4C","OAS1G"
"MUL1","NLRP4E","OAS1H"
"MX1","NLRP4F","OAS2"
"MX2","NLRP6","OAS3"
"MYB","NLRP9A","OASL1"
"MYD88","NLRP9B","OASL2"
"MYO1C","NLRP9C","OCIAD2"
"MYO1F","NLRP10","OGT"
"MYO1G","NLRP12","OPRK1"
"MYO18A","NLRX1","OPTN"
"NAIP2","NMI","OTOP1"
"NAIP5","NOD1","OTUD4"
"NAIP6","NOD2","OTULIN"
"NBN","NONO","P2RX7"
"NCKAP1L","NOP53","PABPN1"
"NDFIP1","NOS2","PADI4"
"NDUFS4","NOTCH1","PAF1"
"NECTIN2","NOTCH2","PALM3"
"NEDD4","NOX1","PARG"
"NFAM1","NOX3","PARP9"
"NFATC2","NOX4","PARP14"
"NFIL3","NPAS2","PCBP2"
"NFKB2","NPLOC4","PCK1"
"NFKBIA","NPPA","PDCD1LG2"
"NFKBID","NPY","PDCD4"
"NFKBIL1","NPY2R","PDE4B"
"NFKBIZ","NPY5R","PDE4D"
"NKX2-3","NR1D1","PDE12"
"NLRC3","NR1D2","PDPK1"
"NLRC4","NR1H3","PELI1"
"NLRC5","NR1H4","PELI3"
"NLRP1A","NR2E1","PENK"
"NLRP1B","NRAS","PF4"
"NLRP3","NRROS","PFPL"
"NLRP6","NT5C3","PGC"
"NLRP9A","NT5E","PGLYRP1"
"NLRP9B","NUPR1","PGLYRP2"
"NLRP9C","OAS1A","PGLYRP3"
"NLRP10","OAS1C","PGLYRP4"
"NLRX1","OAS1D","PIK3AP1"
"NMI","OAS1E","PIK3CD"
"NOD1","OAS1F","PIK3R6"
"NOD2","OAS1G","PISD-PS1"
"NONO","OAS1H","PJA2"
"NOP53","OAS2","PKLR"
"NOS2","OAS3","PLA2G1B"
"NOTCH1","OASL1","PLA2G2F"
"NOTCH2","OASL2","PLA2G6"
"NPLOC4","ODAM","PLAA"
"NPPA","OLR1","PLAAT3"
"NPY","OPRK1","PLAC8"
"NPY5R","OPTN","PLCG2"
"NR1D1","ORM1","PLD1"
"NR1H3","ORM2","PLSCR1"
"NR1H4","OSM","PML"
"NR4A3","OTOP1","PMP22"
"NRAS","OTUD4","PNLIPRP2"
"NRROS","OTULIN","POLR3A"
"NSD2","P2RX1","POLR3B"
"NTS","P2RX7","POLR3C"
"OAS1C","PADI4","POLR3D"
"OAS1D","PARK7","POLR3E"
"OAS2","PARP4","POLR3F"
"OAS3","PARP9","POLR3G"
"OASL1","PARP14","POLR3H"
"OASL2","PBK","POLR3K"
"OLFM4","PCBP2","POMC"
"OPRK1","PDCD4","PPARD"
"OPTN","PDE2A","PPARG"
"ORAI1","PDE5A","PPBP"
"OSCAR","PDE8B","PPM1B"
"OSM","PDE12","PPM1D"
"OTOP1","PDPK1","PPNR"
"OTUB1","PELI1","PPP1R11"
"OTUD4","PELI3","PPP1R14B"
"OTUD5","PENK","PPP1R14BL"
"OTUD7B","PER1","PPP2R3C"
"OTULIN","PF4","PPP6C"
"P2RX7","PFPL","PQBP1"
"P2RY14","PGC","PRDM1"
"PADI4","PGLYRP1","PRDX1"
"PAG1","PGLYRP2","PRDX2"
"PAGR1A","PGLYRP3","PRDX3"
"PARK7","PGLYRP4","PRF1"
"PARP3","PIK3AP1","PRG2"
"PARP9","PIK3CD","PRKCA"
"PARP14","PIK3CG","PRKCD"
"PAWR","PIK3R6","PRKCE"
"PAXIP1","PJA2","PRKD1"
"PCBP2","PLA2G1B","PRKDC"
"PDCD1","PLA2G2F","PRLR"
"PDCD1LG2","PLA2G4A","PRPF8"
"PDE4B","PLA2G5","PSMB9"
"PDE12","PLA2G6","PSPC1"
"PDPK1","PLA2G7","PSTPIP1"
"PELI1","PLAA","PTAFR"
"PELI3","PLAC8","PTGER1"
"PF4","PLD1","PTGER2"
"PGC","PLGRKT","PTGER3"
"PGLYRP1","PLK5","PTGER4"
"PGLYRP2","PLP1","PTGFR"
"PGLYRP3","PLSCR1","PTGIR"
"PGLYRP4","PML","PTGS2"
"PHB","PMP22","PTGS2OS"
"PHF11A","PNLIPRP2","PTPN2"
"PHPT1","PNMA1","PTPN6"
"PI4K2A","POLB","PTPN22"
"PIANP","POLR3A","PTPRC"
"PIGR","POLR3B","PTPRS"
"PIK3AP1","POLR3C","PTX3"
"PIK3CD","POLR3D","PUM1"
"PIK3R6","POLR3E","PUM2"
"PIRB","POLR3F","PVR"
"PJA2","POLR3G","PYCARD"
"PKN1","POLR3H","PYGL"
"PLA2G1B","POLR3K","RAB1A"
"PLA2G2F","POMC","RAB7B"
"PLA2G3","PPARA","RAB11FIP2"
"PLA2G6","PPARD","RAB11FIP5"
"PLCG1","PPARG","RAB12"
"PLCG2","PPBP","RAB14"
"PLCL2","PPM1B","RAB20"
"PLD2","PPP1R11","RAB27A"
"PLEKHA1","PPP1R14B","RAB29"
"PLSCR1","PPP1R14BL","RAB34"
"PML","PPP3R2","RAB43"
"PMP22","PPP6C","RAET1A"
"PMS2","PQBP1","RAET1B"
"PNMA1","PRCP","RAET1C"
"PNP","PRDM1","RAET1D"
"POLR3A","PRDX1","RAG2"
"POLR3B","PRDX2","RARA"
"POLR3C","PRF1","RARRES2"
"POLR3D","PRG2","RASGRP1"
"POLR3E","PRKCA","RBM14"
"POLR3F","PRKCD","RBPJ"
"POLR3G","PRKCE","RDH18-PS"
"POLR3H","PRKCQ","REG1"
"POLR3K","PRKCZ","REG2"
"POMC","PRKD1","REG3A"
"POU2F2","PRKDC","REG3B"
"PPARG","PROC","REG3D"
"PPBP","PSEN1","REG3G"
"PPP1R14B","PSMA1","REG4"
"PPP1R14BL","PSMB4","RELA"
"PPP2R3C","PSPC1","RESF1"
"PPP3CB","PSTPIP1","RETNLB"
"PPP6C","PTAFR","RFTN1"
"PQBP1","PTGDR","RGS1"
"PRAM1","PTGER1","RHOA"
"PRDM1","PTGER2","RIOK3"
"PRDX1","PTGER3","RIPK2"
"PRF1","PTGER4","RNASE1"
"PRG2","PTGFR","RNASE6"
"PRG3","PTGIR","RNASEL"
"PRG4","PTGIS","RNF5"
"PRKCB","PTGS1","RNF19B"
"PRKCD","PTGS2","RNF26"
"PRKCE","PTGS2OS","RNF135"
"PRKCH","PTK2B","RNF216"
"PRKCQ","PTN","RNU3A"
"PRKCZ","PTPN2","ROMO1"
"PRKD1","PTPN6","RPL13A"
"PRKD2","PTPN22","RPL30"
"PRKDC","PTPRC","RPL39"
"PRNP","PTPRS","RPS6KA3"
"PRR7","PTX3","RPS6KB1"
"PSEN1","PUM1","RPS15A"
"PSEN2","PUM2","RPS19"
"PSG17","PVR","RRP1B"
"PSMA1","PXK","RSAD2"
"PSMB4","PYCARD","RTN4"
"PSPC1","RAB1A","RTP4"
"PSTPIP1","RAB7B","S100A8"
"PTAFR","RAB11FIP2","S100A9"
"PTGER4","RAB11FIP5","S100A14"
"PTGS2OS","RAB12","SAA1"
"PTK2B","RAB14","SAA3"
"PTPN2","RAB20","SAMHD1"
"PTPN6","RAB23","SARM1"
"PTPN22","RAB27A","SASH1"
"PTPRC","RAB34","SBNO2"
"PTPRD","RAB43","SCARB1"
"PTPRJ","RABGEF1","SCD1"
"PTPRS","RAET1A","SCIMP"
"PTX3","RAET1B","SCN7A"
"PUM1","RAET1C","SDHAF4"
"PUM2","RAET1D","SEC14L1"
"PVR","RAG1","SEH1L"
"PVRIG","RAG2","SELENOK"
"PYCARD","RARRES2","SELENOS"
"RAB7B","RASGRP1","SERINC3"
"RAB11FIP2","RB1","SERINC5"
"RAB11FIP5","RBM14","SERPINA3F"
"RAB12","RBMS3","SERPINA3N"
"RAB17","RBPJ","SERPINB1A"
"RAB20","REG3A","SERPINB3A"
"RAB27A","REG3B","SERPINB9"
"RAB29","REG3G","SERPINE1"
"RAB43","REL","SERPING1"
"RABGEF1","RELA","SETD2"
"RAC2","RELB","SFPQ"
"RAET1A","RFTN1","SFTPD"
"RAET1B","RHBDD3","SH2D1A"
"RAET1C","RICTOR","SH2D1B1"
"RAET1D","RIOK3","SH2D1B2"
"RAET1E","RIPK2","SHC1"
"RAG1","RNASE6","SHFL"
"RAP1A","RNASEL","SHMT2"
"RAPGEF1","RNF19B","SHPK"
"RARA","RNF26","SIGLECG"
"RARRES2","RNF135","SIN3A"
"RASGRP1","RNF216","SIRPA"
"RBCK1","ROMO1","SIRT2"
"RBM14","RORA","SKP2"
"RBPJ","RPL13A","SLAMF1"
"RC3H1","RPL30","SLAMF6"
"RC3H2","RPL39","SLAMF7"
"REG1","RPS6KA3","SLAMF8"
"REG2","RPS6KA4","SLC10A2"
"REG3A","RPS6KA5","SLC11A1"
"REG3B","RPS6KB1","SLC17A5"
"REG3D","RPS19","SLC22A19"
"REG3G","RSAD2","SLC26A6"
"RELA","RTN4","SLC46A2"
"RELB","RTP4","SLFN2"
"RFTN1","S1PR3","SLFN4"
"RGCC","S100A7A","SLFN8"
"RIF1","S100A8","SLFN9"
"RIOK3","S100A9","SLPI"
"RIPK2","S100A14","SMAD3"
"RIPK3","SAA1","SMAD6"
"RNASE6","SAA2","SMPDL3B"
"RNF8","SAA3","SNCA"
"RNF19B","SAA4","SNHG1"
"RNF31","SAMHD1","SNX3"
"RNF125","SARM1","SOCS1"
"RNF135","SBNO2","SP110"
"RNF168","SCD1","SPACA3"
"ROMO1","SCGB1A1","SPACA5"
"RORA","SCIMP","SPAG11A"
"RORC","SCN9A","SPAG11B"
"RPL13A","SCYL1","SPINK5"
"RPL30","SCYL3","SPN"
"RPL39","SDC1","SPON2"
"RPS3","SDHAF4","SSC5D"
"RPS6","SEC14L1","ST13"
"RPS6KA3","SEH1L","STAB1"
"RPS6KB1","SELE","STAB2"
"RPS19","SELENOK","STAP1"
"RSAD2","SELENOS","STAT1"
"RTN4","SELP","STAT2"
"S100A8","SEMA7A","STAT5A"
"S100A9","SERINC3","STAT5B"
"S100A14","SERINC5","STOX2"
"SAC3D1","SERPINA1B","STX4A"
"SAMHD1","SERPINA3N","STX8"
"SAMSN1","SERPINB1A","STX11"
"SARM1","SERPINB3A","STXBP1"
"SASH3","SERPINB9","STXBP2"
"SBNO2","SERPINE1","STXBP3"
"SBSPON","SERPINF1","STXBP4"
"SCAP","SERPINF2","SUSD4"
"SCIMP","SERPING1","SYK"
"SDHAF4","SETD2","SYNCRIP"
"SEC14L1","SETD6","SYT11"
"SECTM1A","SFPQ","TAB2"
"SECTM1B","SFTPD","TAC1"
"SELENOS","SGMS1","TAGAP"
"SEMA4A","SH2D1A","TAP1"
"SEMA7A","SH2D1B1","TAP2"
"SERINC3","SH2D1B2","TARBP2"
"SERINC5","SHANK3","TARM1"
"SERPINA3G","SHARPIN","TBK1"
"SERPINB1A","SHC1","TBKBP1"
"SERPINB3A","SHFL","TBXA2R"
"SERPINB9","SHMT2","TCF3"
"SERPINB9B","SHPK","TCRA-J"
"SERPING1","SIGIRR","TDGF1"
"SETD2","SIGLECE","TENT5A"
"SFPQ","SIGLECG","TFAP2A"
"SFTPD","SIN3A","TFEB"
"SH2B2","SIRPA","TGFB1"
"SH2D1A","SIRT2","TGTP1"
"SH2D1B1","SKP2","THRSP"
"SH2D1B2","SLAMF1","TICAM1"
"SHB","SLAMF6","TICAM2"
"SHFL","SLAMF7","TIFA"
"SHLD1","SLAMF8","TIRAP"
"SHLD2","SLC7A2","TKFC"
"SHMT2","SLC11A1","TLR1"
"SIGLECG","SLC26A6","TLR2"
"SIN3A","SLC46A2","TLR3"
"SIRPA","SLFN8","TLR4"
"SIRT1","SLFN9","TLR5"
"SIT1","SLIT2","TLR6"
"SKAP1","SLPI","TLR7"
"SKINT1","SMAD3","TLR8"
"SKINT2","SMO","TLR9"
"SKINT3","SMPDL3B","TLR11"
"SKINT4","SNAP23","TLR12"
"SKINT5","SNCA","TLR13"
"SKINT6","SNX4","TMEM106A"
"SKINT7","SOCS1","TMEM173"
"SKINT8","SOCS3","TMEM229B"
"SKINT9","SOCS5","TMEM255A"
"SKINT10","SOD1","TMF1"
"SKINT11","SP110","TNF"
"SKP2","SPACA3","TNFAIP3"
"SLA2","SPACA5","TNFAIP8"
"SLAMF1","SPAG11A","TNFAIP8L2"
"SLAMF6","SPATA2","TNFRSF1A"
"SLAMF7","SPHK1","TNFRSF1B"
"SLAMF8","SPINK5","TNFRSF11A"
"SLC11A1","SPIRE1","TNFRSF14"
"SLC26A6","SPN","TNFSF4"
"SLC39A10","SPON2","TNFSF8"
"SLC46A2","SSC5D","TNIP1"
"SLPI","STAB1","TNIP2"
"SMAD3","STAB2","TNIP3"
"SMAD6","STAP1","TNNT2"
"SMAD7","STAT1","TOLLIP"
"SMPDL3B","STAT2","TRAF3"
"SNAP23","STAT3","TRAF3IP1"
"SNCA","STAT4","TRAF3IP2"
"SNX4","STAT5A","TRAF6"
"SOCS1","STAT5B","TRAFD1"
"SOCS5","STAT6","TRBC1"
"SP110","STK39","TRBC2"
"SPAG11A","STX4A","TRBV13-3"
"SPAG11B","STX8","TRDC"
"SPHK2","STX11","TRDN"
"SPINK5","STXBP1","TRDV4"
"SPN","STXBP2","TREM1"
"SPNS2","STXBP3","TREM2"
"SPON2","STXBP4","TREM3"
"SPPL2A","SUCNR1","TREML2"
"SPPL2B","SUSD4","TREML4"
"SPPL3","SYK","TREX1"
"SSC5D","SYNCRIP","TRF"
"STAP1","SYT11","TRIB1"
"STAT1","TAAR4","TRIL"
"STAT2","TAC1","TRIM6"
"STAT3","TAC4","TRIM8"
"STAT5A","TAFA3","TRIM10"
"STAT5B","TAGAP","TRIM11"
"STAT6","TAP1","TRIM12A"
"STK11","TAP2","TRIM13"
"STOML2","TAPBP","TRIM14"
"STX4A","TARBP2","TRIM15"
"STX7","TARM1","TRIM21"
"STX8","TBC1D23","TRIM25"
"STX11","TBK1","TRIM26"
"STXBP1","TBKBP1","TRIM27"
"STXBP2","TBXA2R","TRIM28"
"STXBP3","TCIRG1","TRIM29"
"STXBP4","TCRD-V8","TRIM30A"
"SUCNR1","TDGF1","TRIM31"
"SUPT6","TFEB","TRIM32"
"SUSD2","TFF2","TRIM34A"
"SUSD4","TGFB1","TRIM35"
"SWAP70","TGM2","TRIM38"
"SYK","TGTP1","TRIM41"
"SYNCRIP","TGTP2","TRIM44"
"TAC1","THBS1","TRIM56"
"TAC4","THEMIS2","TRIM59"
"TAP1","TICAM1","TRIM62"
"TAP2","TICAM2","TRP53"
"TARM1","TIFA","TRPV4"
"TBK1","TIMP1","TSLP"
"TBKBP1","TIRAP","TSPAN6"
"TBX21","TKFC","TSPAN32"
"TCIM","TLR1","TTC4"
"TCIRG1","TLR2","TTC39AOS1"
"TCRB","TLR3","TTLL12"
"TDGF1","TLR4","TUSC2"
"TEC","TLR5","TUT4"
"TEK","TLR6","TXK"
"TESPA1","TLR7","TYRO3"
"TFE3","TLR8","UBD"
"TFEB","TLR9","UBE2K"
"TFRC","TLR11","UBQLN1"
"TGFB1","TLR12","UFD1"
"TGFB2","TLR13","ULBP1"
"TGFB3","TMEM106A","UNC13B"
"TGFBR3","TMEM173","UNC13D"
"TGTP1","TMF1","UNC93B1"
"THEMIS","TNF","UPF1"
"THEMIS2","TNFAIP3","UPK1B"
"THEMIS3","TNFAIP6","URI1"
"THOC1","TNFAIP8","USP14"
"THY1","TNFAIP8L2","USP18"
"TICAM1","TNFRSF1A","VAMP3"
"TICAM2","TNFRSF1B","VAMP4"
"TIFA","TNFRSF4","VAMP7"
"TINAGL1","TNFRSF11A","VAMP8"
"TIRAP","TNFRSF14","VAV1"
"TKFC","TNFSF4","VDR"
"TLR1","TNFSF8","VEGFD"
"TLR2","TNFSF11","VGF"
"TLR3","TNFSF18","VIL1"
"TLR4","TNIP1","VIM"
"TLR5","TNIP2","VIP"
"TLR6","TNIP3","VNN1"
"TLR7","TOLLIP","VPS26B"
"TLR8","TPSB2","VSIG4"
"TLR9","TRADD","VTCN1"
"TLR11","TRAF3","WAS"
"TLR12","TRAF3IP1","WASL"
"TLR13","TRAF3IP2","WDFY1"
"TMEM98","TRAFD1","WFDC6A"
"TMEM106A","TRBC1","WFDC12"
"TMEM173","TRBC2","WFDC15A"
"TNF","TRDC","WFDC15B"
"TNFAIP3","TRDV4","WFDC21"
"TNFAIP8L2","TREM1","WIPF1"
"TNFRSF1B","TREM2","WIPI2"
"TNFRSF11A","TREM3","WNT5A"
"TNFRSF13B","TREML2","WRNIP1"
"TNFRSF13C","TREML4","XBP1"
"TNFRSF14","TREX1","XCL1"
"TNFRSF17","TRIL","XPR1"
"TNFRSF21","TRIM6","XRCC5"
"TNFSF4","TRIM8","XRCC6"
"TNFSF8","TRIM10","YTHDF2"
"TNFSF9","TRIM11","YTHDF3"
"TNFSF10","TRIM12A","ZBP1"
"TNFSF11","TRIM13","ZBTB1"
"TNFSF12","TRIM14","ZC3H12A"
"TNFSF13","TRIM15","ZC3HAV1"
"TNFSF13B","TRIM21","ZCCHC3"
"TNFSF14","TRIM25","ZFP36"
"TNFSF15","TRIM26","ZFP683"
"TNFSF18","TRIM27","ZFP709"
"TNIP1","TRIM28","ZFP809"
"TNIP2","TRIM29","ZFP983"
"TNIP3","TRIM30A","ZMPSTE24"
"TOLLIP","TRIM31","ZMYND11"
"TRAF2","TRIM32","ZYX"
"TRAF3","TRIM34A",NA
"TRAF3IP2","TRIM35",NA
"TRAF6","TRIM38",NA
"TRAFD1","TRIM44",NA
"TRAT1","TRIM56",NA
"TRAV6-1","TRIM59",NA
"TRAV6-2","TRIM62",NA
"TRAV6-3","TRP53",NA
"TRAV6-4","TRP73",NA
"TRAV6-5","TRPV1",NA
"TRAV6-7-DV9","TRPV4",NA
"TRAV6D-3","TSLP",NA
"TRAV6D-4","TSPAN2",NA
"TRAV6D-5","TSPAN6",NA
"TRAV6D-6","TSPAN32",NA
"TRAV6D-7","TTBK1",NA
"TRAV6N-5","TTC4",NA
"TRAV6N-6","TTC39AOS1",NA
"TRAV6N-7","TTLL12",NA
"TRAV12-1","TUSC2",NA
"TRAV12-2","TXK",NA
"TRAV12-3","TYRO3",NA
"TRAV12D-1","TYROBP",NA
"TRAV12D-2","UACA",NA
"TRAV12N-3","UBD",NA
"TRAV15-1-DV6-1","UBE2K",NA
"TRAV15-2-DV6-2","UBQLN1",NA
"TRAV15D-1-DV6D-1","UCN",NA
"TRAV15N-2","UFD1",NA
"TRAV16","ULBP1",NA
"TRAV16D-DV11","ULK4",NA
"TRAV16N","UNC13B",NA
"TRBC1","UNC13D",NA
"TRBC2","UNC93B1",NA
"TRDC","USP14",NA
"TRDV2-1","USP18",NA
"TRDV2-2","USP46",NA
"TRDV4","VAMP3",NA
"TRDV5","VAMP4",NA
"TREM1","VAMP7",NA
"TREM2","VAMP8",NA
"TREM3","VAV1",NA
"TREML2","VDAC1",NA
"TREML4","VDAC3",NA
"TREX1","VGF",NA
"TRGV1","VIM",NA
"TRIL","VIP",NA
"TRIM6","VNN1",NA
"TRIM8","VPS26B",NA
"TRIM10","VPS35",NA
"TRIM11","VSIG4",NA
"TRIM12A","WAS",NA
"TRIM13","WDFY1",NA
"TRIM14","WFDC1",NA
"TRIM15","WFDC6A",NA
"TRIM21","WFDC12",NA
"TRIM25","WFDC15A",NA
"TRIM26","WFDC15B",NA
"TRIM27","WIPI2",NA
"TRIM28","WNT5A",NA
"TRIM29","WRNIP1",NA
"TRIM30A","XCL1",NA
"TRIM31","XRCC5",NA
"TRIM32","XRCC6",NA
"TRIM35","YTHDF2",NA
"TRIM56","YTHDF3",NA
"TRIM59","YWHAZ",NA
"TRIM62","ZBP1",NA
"TRP53","ZBTB1",NA
"TRP53BP1","ZC3H12A",NA
"TRPM4","ZC3HAV1",NA
"TSC1","ZCCHC3",NA
"TSLP","ZFP35",NA
"TSPAN6","ZFP36",NA
"TSTA3","ZFP580",NA
"TTC4","ZFP683",NA
"TTLL12","ZFP809",NA
"TXK","ZMPSTE24",NA
"TYRO3","ZMYND11",NA
"TYROBP","ZP3",NA
"UBASH3A","ZYX",NA
"UBD",NA,NA
"UBE2K",NA,NA
"UBE2N",NA,NA
"UBQLN1",NA,NA
"UFD1",NA,NA
"ULBP1",NA,NA
"UNC13D",NA,NA
"UNC93B1",NA,NA
"UNG",NA,NA
"USP9X",NA,NA
"USP12",NA,NA
"USP14",NA,NA
"USP46",NA,NA
"VAMP2",NA,NA
"VAMP3",NA,NA
"VAMP4",NA,NA
"VAMP7",NA,NA
"VAMP8",NA,NA
"VAV1",NA,NA
"VAV3",NA,NA
"VEGFA",NA,NA
"VIM",NA,NA
"VIP",NA,NA
"VNN1",NA,NA
"VPREB1",NA,NA
"VPREB2",NA,NA
"VPREB3",NA,NA
"VPS26B",NA,NA
"VSIG4",NA,NA
"VSIR",NA,NA
"VTCN1",NA,NA
"VTN",NA,NA
"WAS",NA,NA
"WASHC1",NA,NA
"WDFY1",NA,NA
"WNK1",NA,NA
"WNT5A",NA,NA
"WRNIP1",NA,NA
"XBP1",NA,NA
"XCL1",NA,NA
"XCR1",NA,NA
"XRCC4",NA,NA
"XRCC5",NA,NA
"XRCC6",NA,NA
"YTHDF2",NA,NA
"YTHDF3",NA,NA
"YWHAZ",NA,NA
"ZAP70",NA,NA
"ZBP1",NA,NA
"ZBTB1",NA,NA
"ZBTB7B",NA,NA
"ZC3H12A",NA,NA
"ZC3HAV1",NA,NA
"ZCCHC3",NA,NA
"ZFP35",NA,NA
"ZFP683",NA,NA
"ZFP809",NA,NA
"ZP3",NA,NA
"ZYX",NA,NA
